artist_id,artist_name
7EVlq3yUVHbHZZsaYSOcXt,Meaningful Stone
07OePkse2fcvU9wlVftNMl,SE SO NEON
5KOhn3Gjbd4DUavli5No5f,cotoba
5q9adPv91NFr8q2ZcKmX0V,youra
1cDDtQ75Yz5Xi9sA16wl3N,Lee Yerin
5wVJpXzuKV6Xj7Yhsf2uYx,HANRORO
3txAiGYUmI4p84stqOoi1s,Dasutt
7eZbNxarrTW4VkRI8u9aDX,Parannoul
6S4fsREHT1NEjTb3lYD2pG,THORNAPPLE
0fx546FEiZSwGoSbuMnsmN,Della Zyr
2EYqI6r8FBAU5HtNEveQ3h,Wapddi
2jnsD97skwkkrQ4EigPcTp,Fin Fior
74om4qLxb9MIsubhtvxQQJ,Asian Glow
5kNGExA70Z5twMjo7mFYrW,BrokenTeeth
2IJQZNh2eIR9a21uq494UA,MEMI
14d5KCX9nprUcxnKIShrr1,MASS OF THE FERMENTING DREGS
0FXxQ0TEYtebM8gGg0xdoC,Number Girl
5IKKS7LhpdlmMwqIagqf3f,tricot
2XjqKvB2Xz9IdyjWPIHaXi,Sheena Ringo
